"Address","Occurrences","Meta Robots 1","X-Robots-Tag 1","Meta Refresh 1","Canonical Link Element 1","HTTP Canonical","Indexability","Indexability Status"
"https://veteranstransitionsupport.org/","1","follow, index, max-snippet:-1, max-video-preview:-1, max-image-preview:large","","","https://veteranstransitionsupport.org/","","Indexable",""
"https://veteranstransitionsupport.org/wp-content/plugins/elementor-pro/assets/js/frontend.min.js?ver=3.35.1","0","","","","","","Indexable",""
"https://veteranstransitionsupport.org/wp-content/plugins/essential-addons-for-elementor-lite/assets/front-end/js/view/general.min.js?ver=6.6.4","0","","","","","","Indexable",""
"https://veteranstransitionsupport.org/wp-content/plugins/essential-addons-for-elementor-lite/assets/front-end/css/view/general.min.css?ver=6.6.4","0","","","","","","Indexable",""
"https://veteranstransitionsupport.org/wp-content/cache/background-css/1/veteranstransitionsupport.org/wp-content/cache/min/1/wp-content/plugins/elementskit-lite/widgets/init/assets/css/widget-styles.css?ver=1778678887&wpr_t=1778717446","0","","","","","","Indexable",""
"https://veteranstransitionsupport.org/donate/","1","follow, index, max-snippet:-1, max-video-preview:-1, max-image-preview:large","","","https://veteranstransitionsupport.org/donate/","","Indexable",""
"https://veteranstransitionsupport.org/osha-30-training-for-veterans/","1","follow, index, max-snippet:-1, max-video-preview:-1, max-image-preview:large","","","https://veteranstransitionsupport.org/osha-30-training-for-veterans/","","Indexable",""
"https://veteranstransitionsupport.org/about-us/","1","follow, index, max-snippet:-1, max-video-preview:-1, max-image-preview:large","","","https://veteranstransitionsupport.org/about-us/","","Indexable",""
"https://veteranstransitionsupport.org/no-cost-coursera/","1","follow, index, max-snippet:-1, max-video-preview:-1, max-image-preview:large","","","https://veteranstransitionsupport.org/no-cost-coursera/","","Indexable",""
"https://veteranstransitionsupport.org/wp-content/plugins/elementor/assets/lib/animations/styles/fadeInUp.min.css?ver=4.0.8","0","","","","","","Indexable",""
"https://veteranstransitionsupport.org/events/","1","follow, index","","","https://veteranstransitionsupport.org/events/","","Indexable",""
"https://veteranstransitionsupport.org/wp-content/plugins/elementor/assets/lib/animations/styles/e-animation-float.min.css?ver=4.0.8","0","","","","","","Indexable",""
"https://veteranstransitionsupport.org/wp-content/cache/min/1/wp-content/plugins/the-events-calendar/build/css/tribe-events-single-skeleton.css?ver=1778678887","0","","","","","","Indexable",""
"https://veteranstransitionsupport.org/wp-content/cache/min/1/wp-content/uploads/essential-addons-elementor/eael-1478.js?ver=1778247839","0","","","","","","Indexable",""
"https://veteranstransitionsupport.org/wp-content/uploads/2025/01/e5b8aef5-e35e-4b31-b284-b0f0bb75ea2d-1024x1024.jpg","0","","","","","","Indexable",""
"https://veteranstransitionsupport.org/wp-content/cache/min/1/wp-content/plugins/the-events-calendar/common/build/css/variables-skeleton.css?ver=1778678887","0","","","","","","Indexable",""
"https://veteranstransitionsupport.org/education-counseling/","1","follow, index, max-snippet:-1, max-video-preview:-1, max-image-preview:large","","","https://veteranstransitionsupport.org/education-counseling/","","Indexable",""
"https://veteranstransitionsupport.org/wp-content/cache/background-css/1/veteranstransitionsupport.org/wp-content/uploads/elementor/css/post-1478.css?ver=1778678887&wpr_t=1778717446","0","","","","","","Indexable",""
"https://veteranstransitionsupport.org/financials/","1","follow, index, max-snippet:-1, max-video-preview:-1, max-image-preview:large","","","https://veteranstransitionsupport.org/financials/","","Indexable",""
"https://veteranstransitionsupport.org/no-cost-lean-six-sigma-yellow-belt-lssyb/","1","follow, index, max-snippet:-1, max-video-preview:-1, max-image-preview:large","","","https://veteranstransitionsupport.org/no-cost-lean-six-sigma-yellow-belt-lssyb/","","Indexable",""
"https://veteranstransitionsupport.org/wp-content/plugins/wp-rocket/assets/js/lazyload/17.8.3/lazyload.min.js","0","","","","","","Indexable",""
"https://veteranstransitionsupport.org/wp-includes/js/jquery/ui/core.min.js?ver=1.13.3","0","","","","","","Indexable",""
"https://veteranstransitionsupport.org/wp-content/cache/fonts/1/google-fonts/css/6/b/5/f5eede8ed501f1f720088ff23c87c.css","0","","","","","","Indexable",""
"https://veteranstransitionsupport.org/wp-content/themes/blocksy/static/bundle/tribe-events.min.css?ver=2.1.41","0","","","","","","Indexable",""
"https://veteranstransitionsupport.org/wp-content/cache/min/1/wp-content/plugins/elementor/assets/lib/font-awesome/css/font-awesome.min.css?ver=1778678887","0","","","","","","Indexable",""
"https://veteranstransitionsupport.org/wp-content/plugins/elementor/assets/lib/animations/styles/fadeInLeft.min.css?ver=4.0.8","0","","","","","","Indexable",""
"https://veteranstransitionsupport.org/wp-includes/js/jquery/jquery.min.js?ver=3.7.1","0","","","","","","Indexable",""
"https://veteranstransitionsupport.org/wp-content/cache/min/1/wp-content/plugins/elementor/assets/lib/swiper/v8/css/swiper.min.css?ver=1778678887","0","","","","","","Indexable",""
"https://veteranstransitionsupport.org/wp-content/uploads/elementor/css/post-689.css?ver=1778678886","0","","","","","","Indexable",""
"https://veteranstransitionsupport.org/va-work-study-program/","1","follow, index, max-snippet:-1, max-video-preview:-1, max-image-preview:large","","","https://veteranstransitionsupport.org/va-work-study-program/","","Indexable",""
"https://veteranstransitionsupport.org/veteran-resources/","1","follow, index, max-snippet:-1, max-video-preview:-1, max-image-preview:large","","","https://veteranstransitionsupport.org/veteran-resources/","","Indexable",""
"https://veteranstransitionsupport.org/wp-content/plugins/elementor/assets/css/conditionals/e-swiper.min.css?ver=4.0.8","0","","","","","","Indexable",""
"https://veteranstransitionsupport.org/wp-content/plugins/elementor/assets/lib/swiper/v8/swiper.min.js?ver=8.4.5","0","","","","","","Indexable",""
"https://veteranstransitionsupport.org/wp-content/plugins/elementor-pro/assets/css/widget-form.min.css?ver=3.35.1","0","","","","","","Indexable",""
"https://veteranstransitionsupport.org/board-members/","1","follow, index, max-snippet:-1, max-video-preview:-1, max-image-preview:large","","","https://veteranstransitionsupport.org/board-members/","","Indexable",""
"https://veteranstransitionsupport.org/wp-content/plugins/elementor/assets/lib/animations/styles/fadeInDown.min.css?ver=4.0.8","0","","","","","","Indexable",""
"https://veteranstransitionsupport.org/wp-content/uploads/2025/01/Image20250110021710-1024x1024.png","0","","","","","","Indexable",""
"https://veteranstransitionsupport.org/donors-sponsors/","1","follow, index, max-snippet:-1, max-video-preview:-1, max-image-preview:large","","","https://veteranstransitionsupport.org/donors-sponsors/","","Indexable",""
"https://veteranstransitionsupport.org/wp-content/cache/fonts/1/google-fonts/css/2/1/9/0bb0a665247acb0d3644dcc305aa6.css","0","","","","","","Indexable",""
"https://veteranstransitionsupport.org/wp-content/cache/min/1/wp-content/plugins/events-calendar-pro/build/css/tribe-events-pro-mini-calendar-block.css?ver=1778678887","0","","","","","","Indexable",""
"https://veteranstransitionsupport.org/wp-content/cache/min/1/wp-content/uploads/blocksy/css/global.css?ver=1778678887","0","","","","","","Indexable",""
"https://veteranstransitionsupport.org/wp-content/plugins/elementor-pro/assets/js/elements-handlers.min.js?ver=3.35.1","0","","","","","","Indexable",""
"https://veteranstransitionsupport.org/va-work-study-program-2/","1","follow, index, max-snippet:-1, max-video-preview:-1, max-image-preview:large","","","https://veteranstransitionsupport.org/va-work-study-program-2/","","Indexable",""
"https://veteranstransitionsupport.org/wp-content/cache/min/1/wp-content/plugins/elementskit-lite/widgets/init/assets/js/elementor.js?ver=1778247839","0","","","","","","Indexable",""
"https://veteranstransitionsupport.org/va-disability-filing/","1","follow, index, max-snippet:-1, max-video-preview:-1, max-image-preview:large","","","https://veteranstransitionsupport.org/va-disability-filing/","","Indexable",""
"https://veteranstransitionsupport.org/event/pre-discharge-va-disability-claim-prep-active-duty-zoom-may-19/","1","follow, index, max-snippet:-1, max-video-preview:-1, max-image-preview:large","","","https://veteranstransitionsupport.org/event/pre-discharge-va-disability-claim-prep-active-duty-zoom-may-19/","","Indexable",""
"https://veteranstransitionsupport.org/wp-content/plugins/elementor/assets/css/widget-image.min.css?ver=4.0.8","0","","","","","","Indexable",""
"https://veteranstransitionsupport.org/volunteer-team/","1","follow, index, max-snippet:-1, max-video-preview:-1, max-image-preview:large","","","https://veteranstransitionsupport.org/volunteer-team/","","Indexable",""
"https://veteranstransitionsupport.org/wp-includes/js/dist/hooks.min.js?ver=dd5603f07f9220ed27f1","0","","","","","","Indexable",""
"https://veteranstransitionsupport.org/wp-content/cache/min/1/wp-content/plugins/elementskit-lite/widgets/init/assets/js/widget-scripts.js?ver=1778247839","0","","","","","","Indexable",""
"https://veteranstransitionsupport.org/wp-content/plugins/elementor/assets/lib/animations/styles/fadeInRight.min.css?ver=4.0.8","0","","","","","","Indexable",""
"https://veteranstransitionsupport.org/wp-content/cache/min/1/wp-content/plugins/events-calendar-pro/build/css/events-virtual-single-block.css?ver=1778678887","0","","","","","","Indexable",""
"https://veteranstransitionsupport.org/wp-content/plugins/elementor/assets/js/webpack.runtime.min.js?ver=4.0.8","0","","","","","","Indexable",""
"https://veteranstransitionsupport.org/wp-content/plugins/elementor/assets/css/frontend.min.css?ver=4.0.8","0","","","","","","Indexable",""
"https://veteranstransitionsupport.org/wp-content/plugins/elementor/assets/css/widget-spacer.min.css?ver=4.0.8","0","","","","","","Indexable",""
"https://veteranstransitionsupport.org/wp-content/cache/min/1/wp-content/plugins/happy-elementor-addons/assets/fonts/style.min.css?ver=1778678887","0","","","","","","Indexable",""
"https://veteranstransitionsupport.org/wp-includes/js/jquery/jquery-migrate.min.js?ver=3.4.1","0","","","","","","Indexable",""
"https://veteranstransitionsupport.org/wp-content/themes/blocksy/static/bundle/elementor-frontend.min.css?ver=2.1.41","0","","","","","","Indexable",""
"https://veteranstransitionsupport.org/event/zoom-osha-30-hour-construction-safety-course-may-18-21-2026-250/","1","follow, index, max-snippet:-1, max-video-preview:-1, max-image-preview:large","","","https://veteranstransitionsupport.org/event/zoom-osha-30-hour-construction-safety-course-may-18-21-2026-250/","","Indexable",""
"https://veteranstransitionsupport.org/wp-content/plugins/elementor/assets/css/widget-heading.min.css?ver=4.0.8","0","","","","","","Indexable",""
"https://veteranstransitionsupport.org/wp-content/themes/blocksy/static/bundle/no-scripts.min.css","0","","","","","","Indexable",""
"https://veteranstransitionsupport.org/va-home-loans/","1","follow, index, max-snippet:-1, max-video-preview:-1, max-image-preview:large","","","https://veteranstransitionsupport.org/va-home-loans/","","Indexable",""
"https://veteranstransitionsupport.org/wp-content/uploads/2025/01/barbequecookout-scaled-1024x858.jpeg","0","","","","","","Indexable",""
"https://veteranstransitionsupport.org/wp-content/cache/min/1/wp-content/plugins/the-events-calendar/build/css/integrations/plugins/elementor/widgets/widget-base.css?ver=1778678887","0","","","","","","Indexable",""
"https://veteranstransitionsupport.org/testimonies/","1","follow, index, max-snippet:-1, max-video-preview:-1, max-image-preview:large","","","https://veteranstransitionsupport.org/testimonies/","","Indexable",""
"https://veteranstransitionsupport.org/wp-content/plugins/elementor-pro/assets/css/conditionals/transitions.min.css?ver=3.35.1","0","","","","","","Indexable",""
"https://veteranstransitionsupport.org/vts-programs/","1","follow, index, max-snippet:-1, max-video-preview:-1, max-image-preview:large","","","https://veteranstransitionsupport.org/vts-programs/","","Indexable",""
"https://veteranstransitionsupport.org/wp-content/cache/min/1/wp-content/plugins/elementskit-lite/widgets/init/assets/css/responsive.css?ver=1778678887","0","","","","","","Indexable",""
"https://veteranstransitionsupport.org/no-cost-osha-10-safety-training/","1","follow, index, max-snippet:-1, max-video-preview:-1, max-image-preview:large","","","https://veteranstransitionsupport.org/no-cost-osha-10-safety-training/","","Indexable",""
"https://veteranstransitionsupport.org/our-instructors/","1","follow, index, max-snippet:-1, max-video-preview:-1, max-image-preview:large","","","https://veteranstransitionsupport.org/our-instructors/","","Indexable",""
"https://veteranstransitionsupport.org/contact-us/","1","follow, index, max-snippet:-1, max-video-preview:-1, max-image-preview:large","","","https://veteranstransitionsupport.org/contact-us/","","Indexable",""
"https://veteranstransitionsupport.org/wp-content/plugins/elementor/assets/js/frontend.min.js?ver=4.0.8","0","","","","","","Indexable",""
"https://veteranstransitionsupport.org/wp-content/plugins/elementor-pro/assets/js/webpack-pro.runtime.min.js?ver=3.35.1","0","","","","","","Indexable",""
"https://veteranstransitionsupport.org/cdn-cgi/scripts/5c5dd728/cloudflare-static/email-decode.min.js","0","","","","","","Indexable",""
"https://veteranstransitionsupport.org/wp-content/plugins/elementor-pro/assets/css/widget-call-to-action.min.css?ver=3.35.1","0","","","","","","Indexable",""
"https://veteranstransitionsupport.org/wp-content/uploads/2025/01/logo.png","0","","","","","","Indexable",""
"https://veteranstransitionsupport.org/event/free-on-line-coursera-certification-courses-for-military-and-spouse/","1","follow, index, max-snippet:-1, max-video-preview:-1, max-image-preview:large","","","https://veteranstransitionsupport.org/event/free-on-line-coursera-certification-courses-for-military-and-spouse/","","Indexable",""
"https://veteranstransitionsupport.org/wp-content/cache/min/1/wp-content/plugins/the-events-calendar/common/build/css/variables-full.css?ver=1778678887","0","","","","","","Indexable",""
"https://veteranstransitionsupport.org/gallery/","1","follow, index, max-snippet:-1, max-video-preview:-1, max-image-preview:large","","","https://veteranstransitionsupport.org/gallery/","","Indexable",""
"https://veteranstransitionsupport.org/volunteer/","1","follow, index, max-snippet:-1, max-video-preview:-1, max-image-preview:large","","","https://veteranstransitionsupport.org/volunteer/","","Indexable",""
"https://veteranstransitionsupport.org/wp-content/cache/min/1/wp-content/uploads/essential-addons-elementor/eael-1478.css?ver=1778678887","0","","","","","","Indexable",""
"https://veteranstransitionsupport.org/wp-content/cache/min/1/wp-content/themes/blocksy/static/bundle/main.min.css?ver=1778678887","0","","","","","","Indexable",""
"https://veteranstransitionsupport.org/wp-content/uploads/2025/01/logo-1024x777.png","0","","","","","","Indexable",""
"https://veteranstransitionsupport.org/leansixsigmagreenbelt-for-veterans/","1","follow, index, max-snippet:-1, max-video-preview:-1, max-image-preview:large","","","https://veteranstransitionsupport.org/leansixsigmagreenbelt-for-veterans/","","Indexable",""
"https://veteranstransitionsupport.org/wp-content/plugins/elementor/assets/js/frontend-modules.min.js?ver=4.0.8","0","","","","","","Indexable",""
"https://veteranstransitionsupport.org/wp-content/cache/min/1/wp-content/plugins/the-events-calendar/build/css/tribe-events-single-full.css?ver=1778678887","0","","","","","","Indexable",""
"https://veteranstransitionsupport.org/wp-includes/js/dist/i18n.min.js?ver=c26c3dc7bed366793375","0","","","","","","Indexable",""
"https://veteranstransitionsupport.org/privacy-policy/","1","follow, index, max-snippet:-1, max-video-preview:-1, max-image-preview:large","","","https://veteranstransitionsupport.org/privacy-policy/","","Indexable",""
"https://veteranstransitionsupport.org/wp-content/uploads/2025/01/Image20250110021434.png","0","","","","","","Indexable",""
"https://veteranstransitionsupport.org/wp-content/uploads/2026/03/new-certificate-image-comp.png","0","","","","","","Indexable",""
"https://veteranstransitionsupport.org/wp-content/plugins/elementor/assets/css/widget-icon-list.min.css?ver=4.0.8","0","","","","","","Indexable",""
"https://veteranstransitionsupport.org/wp-content/uploads/2026/03/ChatGPT-Image-Feb-28_-2026_-01_17_51-AM.png","0","","","","","","Indexable",""
"https://veteranstransitionsupport.org/wp-content/cache/background-css/1/veteranstransitionsupport.org/wp-content/uploads/elementor/css/post-1823.css?ver=1778680543&wpr_t=1778713230","0","","","","","","Indexable",""
"https://veteranstransitionsupport.org/wp-content/uploads/2026/03/VTS-Donation-page-Teaching-photo.png","0","","","","","","Indexable",""
"https://veteranstransitionsupport.org/wp-content/cache/fonts/1/google-fonts/css/9/4/a/c83161fbf78b5ca8a360d662cfb8f.css","0","","","","","","Indexable",""
"https://veteranstransitionsupport.org/wp-content/cache/background-css/1/veteranstransitionsupport.org/wp-content/cache/min/1/wp-content/plugins/elementskit-lite/widgets/init/assets/css/widget-styles.css?ver=1778678887&wpr_t=1778713230","0","","","","","","Indexable",""
"https://veteranstransitionsupport.org/wp-content/uploads/2025/01/Image20250110014158.jpg","0","","","","","","Indexable",""
"https://veteranstransitionsupport.org/events-calendar/","1","follow, index, max-snippet:-1, max-video-preview:-1, max-image-preview:large","","","https://veteranstransitionsupport.org/events-calendar/","","Indexable",""
"https://veteranstransitionsupport.org/wp-content/cache/background-css/1/veteranstransitionsupport.org/wp-content/uploads/elementor/css/post-1297.css?ver=1778679080&wpr_t=1778713610","0","","","","","","Indexable",""
"https://veteranstransitionsupport.org/wp-content/cache/background-css/1/veteranstransitionsupport.org/wp-content/cache/min/1/wp-content/plugins/elementskit-lite/widgets/init/assets/css/widget-styles.css?ver=1778678887&wpr_t=1778713610","0","","","","","","Indexable",""
"https://veteranstransitionsupport.org/wp-content/cache/background-css/1/veteranstransitionsupport.org/wp-content/cache/min/1/wp-content/plugins/elementskit-lite/widgets/init/assets/css/widget-styles.css?ver=1778678887&wpr_t=1778716312","0","","","","","","Indexable",""
"https://veteranstransitionsupport.org/wp-content/uploads/2025/01/Image20250110051717-1024x768.jpg","0","","","","","","Indexable",""
"https://veteranstransitionsupport.org/osha-30-safety-training/","1","follow, index, max-snippet:-1, max-video-preview:-1, max-image-preview:large","","","https://veteranstransitionsupport.org/osha-30-safety-training/","","Indexable",""
"https://veteranstransitionsupport.org/wp-content/cache/background-css/1/veteranstransitionsupport.org/wp-content/uploads/elementor/css/post-1464.css?ver=1778679032&wpr_t=1778710364","0","","","","","","Indexable",""
"https://veteranstransitionsupport.org/wp-content/cache/background-css/1/veteranstransitionsupport.org/wp-content/uploads/elementor/css/post-215.css?ver=1778679083&wpr_t=1778716312","0","","","","","","Indexable",""
"https://veteranstransitionsupport.org/wp-content/cache/background-css/1/veteranstransitionsupport.org/wp-content/cache/min/1/wp-content/plugins/elementskit-lite/widgets/init/assets/css/widget-styles.css?ver=1778678887&wpr_t=1778710364","0","","","","","","Indexable",""
"https://veteranstransitionsupport.org/wp-content/plugins/events-calendar-pro/vendor/nanoscroller/jquery.nanoscroller.min.js?ver=7.7.14","0","","","","","","Indexable",""
"https://veteranstransitionsupport.org/wp-content/uploads/2026/05/525b7d075e19c0e5d4ffd6721c124a81-95b03Z.tmp_.jpg","0","","","","","","Indexable",""
"https://veteranstransitionsupport.org/wp-content/plugins/events-calendar-pro/build/css/views-print.css?ver=7.7.14","0","","","","","","Indexable",""
"https://veteranstransitionsupport.org/events/2026-05-08/","1","follow, index","","","https://veteranstransitionsupport.org/events/","","Non-Indexable","Canonicalised"
"https://veteranstransitionsupport.org/events/2026-05-28/","1","follow, index","","","https://veteranstransitionsupport.org/events/","","Non-Indexable","Canonicalised"
"https://veteranstransitionsupport.org/events/2026-05-16/","1","follow, index","","","https://veteranstransitionsupport.org/events/","","Non-Indexable","Canonicalised"
"https://veteranstransitionsupport.org/wp-content/uploads/2026/04/3de140015e81cb41560493513fd4118a-y2yG8j.tmp_.jpg","0","","","","","","Indexable",""
"https://veteranstransitionsupport.org/wp-content/cache/min/1/wp-content/plugins/the-events-calendar/build/css/views-skeleton.css?ver=1778679136","0","","","","","","Indexable",""
"https://veteranstransitionsupport.org/wp-content/cache/min/1/wp-content/plugins/events-calendar-pro/build/css/events-virtual-skeleton.css?ver=1778679136","0","","","","","","Indexable",""
"https://veteranstransitionsupport.org/events/2026-05-04/","1","follow, index","","","https://veteranstransitionsupport.org/events/","","Non-Indexable","Canonicalised"
"https://veteranstransitionsupport.org/event/may-4-veteran-career-transition-brief-jobs-resources/","1","follow, index, max-snippet:-1, max-video-preview:-1, max-image-preview:large","","","https://veteranstransitionsupport.org/event/may-4-veteran-career-transition-brief-jobs-resources/","","Indexable",""
"https://veteranstransitionsupport.org/wp-content/cache/min/1/wp-content/plugins/the-events-calendar/build/css/views-full.css?ver=1778679136","0","","","","","","Indexable",""
"https://veteranstransitionsupport.org/events/2026-05-24/","1","follow, index","","","https://veteranstransitionsupport.org/events/","","Non-Indexable","Canonicalised"
"https://veteranstransitionsupport.org/events/2026-05-12/","1","follow, index","","","https://veteranstransitionsupport.org/events/","","Non-Indexable","Canonicalised"
"https://veteranstransitionsupport.org/event/250-osha-30-hr-construction-safety-in-person-only-may-2-3-9-10-2026/","1","follow, index, max-snippet:-1, max-video-preview:-1, max-image-preview:large","","","https://veteranstransitionsupport.org/event/250-osha-30-hr-construction-safety-in-person-only-may-2-3-9-10-2026/","","Indexable",""
"https://veteranstransitionsupport.org/events/2026-05-31/","1","follow, index","","","https://veteranstransitionsupport.org/events/","","Non-Indexable","Canonicalised"
"https://veteranstransitionsupport.org/event/may-4-veteran-career-transition-brief-jobs-resources-on-zoom/","1","follow, index, max-snippet:-1, max-video-preview:-1, max-image-preview:large","","","https://veteranstransitionsupport.org/event/may-4-veteran-career-transition-brief-jobs-resources-on-zoom/","","Indexable",""
"https://veteranstransitionsupport.org/event/free-lean-six-sigma-yellow-belt-live-instructor-led-zoom-may-30-2026/","1","follow, index, max-snippet:-1, max-video-preview:-1, max-image-preview:large","","","https://veteranstransitionsupport.org/event/free-lean-six-sigma-yellow-belt-live-instructor-led-zoom-may-30-2026/","","Indexable",""
"https://veteranstransitionsupport.org/events/month/2026-04/","1","follow, index","","","https://veteranstransitionsupport.org/events/","","Non-Indexable","Canonicalised"
"https://veteranstransitionsupport.org/event/250-zoom-online-5-day-lean-six-sigma-green-belt-may-4-8-8-5pm-pst/","1","follow, index, max-snippet:-1, max-video-preview:-1, max-image-preview:large","","","https://veteranstransitionsupport.org/event/250-zoom-online-5-day-lean-six-sigma-green-belt-may-4-8-8-5pm-pst/","","Indexable",""
"https://veteranstransitionsupport.org/wp-content/uploads/2026/05/4a6e4dd884c09ccbdad46e8f34a386c9-e07eSl.tmp_.jpg","0","","","","","","Indexable",""
"https://veteranstransitionsupport.org/events/2026-05-09/","1","follow, index","","","https://veteranstransitionsupport.org/events/","","Non-Indexable","Canonicalised"
"https://veteranstransitionsupport.org/events/2026-05-29/","1","follow, index","","","https://veteranstransitionsupport.org/events/","","Non-Indexable","Canonicalised"
"https://veteranstransitionsupport.org/events/2026-05-05/","1","follow, index","","","https://veteranstransitionsupport.org/events/","","Non-Indexable","Canonicalised"
"https://veteranstransitionsupport.org/wp-content/cache/min/1/wp-content/plugins/events-calendar-pro/build/css/events-single.css?ver=1778679136","0","","","","","","Indexable",""
"https://veteranstransitionsupport.org/events/2026-05-17/","1","follow, index","","","https://veteranstransitionsupport.org/events/","","Non-Indexable","Canonicalised"
"https://veteranstransitionsupport.org/events/2026-05-25/","1","follow, index","","","https://veteranstransitionsupport.org/events/","","Non-Indexable","Canonicalised"
"https://veteranstransitionsupport.org/events/2026-05-13/","1","follow, index","","","https://veteranstransitionsupport.org/events/","","Non-Indexable","Canonicalised"
"https://veteranstransitionsupport.org/events/2026-05-01/","1","follow, index","","","https://veteranstransitionsupport.org/events/","","Non-Indexable","Canonicalised"
"https://veteranstransitionsupport.org/wp-content/uploads/2026/05/1aeb5ed39acef58928b3cd8e0a562704-Uh9tY7.tmp_.jpg","0","","","","","","Indexable",""
"https://veteranstransitionsupport.org/wp-content/uploads/2026/05/e6be4071e4ea7eb22cb9631904c90bec-BYWy89.tmp_.jpg","0","","","","","","Indexable",""
"https://veteranstransitionsupport.org/event/free-osha-10-hour-safety-training-may-02-03-san-marcos-ca/","1","follow, index, max-snippet:-1, max-video-preview:-1, max-image-preview:large","","","https://veteranstransitionsupport.org/event/free-osha-10-hour-safety-training-may-02-03-san-marcos-ca/","","Indexable",""
"https://veteranstransitionsupport.org/wp-includes/css/dist/block-library/style.min.css?ver=6.9.4","0","","","","","","Indexable",""
"https://veteranstransitionsupport.org/events/2026-05-21/","1","follow, index","","","https://veteranstransitionsupport.org/events/","","Non-Indexable","Canonicalised"
"https://veteranstransitionsupport.org/wp-content/uploads/2026/05/4a345c840163d282a07d8cea6ed61b63-Sh5jH9.tmp_.jpg","0","","","","","","Indexable",""
"https://veteranstransitionsupport.org/event/250-zoom-online-5-day-lean-six-sigma-green-belt-05-30-31-06-6-7-8-5pm-pst/","1","follow, index, max-snippet:-1, max-video-preview:-1, max-image-preview:large","","","https://veteranstransitionsupport.org/event/250-zoom-online-5-day-lean-six-sigma-green-belt-05-30-31-06-6-7-8-5pm-pst/","","Indexable",""
"https://veteranstransitionsupport.org/events/2026-05-20/","1","follow, index","","","https://veteranstransitionsupport.org/events/","","Non-Indexable","Canonicalised"
"https://veteranstransitionsupport.org/wp-content/cache/background-css/1/veteranstransitionsupport.org/wp-content/cache/min/1/wp-content/plugins/elementskit-lite/widgets/init/assets/css/widget-styles.css?ver=1778678887&wpr_t=1778713347","0","","","","","","Indexable",""
"https://veteranstransitionsupport.org/wp-content/uploads/2026/03/492c056aaa67cf20dcf68ed41c396376-ZgI0Zq.tmp_.jpg","0","","","","","","Indexable",""
"https://veteranstransitionsupport.org/event/free-osha-accident-investigation-recordkeeping-course-live-zoom-may-1/","1","follow, index, max-snippet:-1, max-video-preview:-1, max-image-preview:large","","","https://veteranstransitionsupport.org/event/free-osha-accident-investigation-recordkeeping-course-live-zoom-may-1/","","Indexable",""
"https://veteranstransitionsupport.org/event/250-osha-30-hr-general-safety-live-instruction-04-11-12-18-19-2026/","1","follow, index, max-snippet:-1, max-video-preview:-1, max-image-preview:large","","","https://veteranstransitionsupport.org/event/250-osha-30-hr-general-safety-live-instruction-04-11-12-18-19-2026/","","Indexable",""
"https://veteranstransitionsupport.org/wp-content/cache/min/1/wp-content/plugins/the-events-calendar/common/build/css/common-full.css?ver=1778678887","0","","","","","","Indexable",""
"https://veteranstransitionsupport.org/events/2026-05-06/","1","follow, index","","","https://veteranstransitionsupport.org/events/","","Non-Indexable","Canonicalised"
"https://veteranstransitionsupport.org/events/2026-05-18/","1","follow, index","","","https://veteranstransitionsupport.org/events/","","Non-Indexable","Canonicalised"
"https://veteranstransitionsupport.org/wp-content/uploads/2026/04/6e640ec1245eb3b192d8c43e7fd56487-0Mn0AA.tmp_.jpg","0","","","","","","Indexable",""
"https://veteranstransitionsupport.org/wp-content/plugins/the-events-calendar/vendor/bootstrap-datepicker/css/bootstrap-datepicker.standalone.min.css?ver=6.16.1","0","","","","","","Indexable",""
"https://veteranstransitionsupport.org/events/today/","1","follow, index","","","https://veteranstransitionsupport.org/events/","","Non-Indexable","Canonicalised"
"https://veteranstransitionsupport.org/events/2026-05-26/","1","follow, index","","","https://veteranstransitionsupport.org/events/","","Non-Indexable","Canonicalised"
"https://veteranstransitionsupport.org/wp-content/plugins/the-events-calendar/build/css/views-print.css?ver=6.16.1","0","","","","","","Indexable",""
"https://veteranstransitionsupport.org/events/2026-05-10/","1","follow, index","","","https://veteranstransitionsupport.org/events/","","Non-Indexable","Canonicalised"
"https://veteranstransitionsupport.org/events/2026-05-14/","1","follow, index","","","https://veteranstransitionsupport.org/events/","","Non-Indexable","Canonicalised"
"https://veteranstransitionsupport.org/wp-content/cache/min/1/wp-content/plugins/the-events-calendar/common/build/css/common-skeleton.css?ver=1778678887","0","","","","","","Indexable",""
"https://veteranstransitionsupport.org/events/month/2026-06/","1","follow, index","","","https://veteranstransitionsupport.org/events/","","Non-Indexable","Canonicalised"
"https://veteranstransitionsupport.org/wp-content/themes/blocksy/static/bundle/page-title.min.css?ver=2.1.41","0","","","","","","Indexable",""
"https://veteranstransitionsupport.org/wp-content/uploads/2026/04/c9cd4d7ca47ecafe17d543a8355562cf-vMRjfT.tmp_.jpg","0","","","","","","Indexable",""
"https://veteranstransitionsupport.org/events/2026-05-02/","1","follow, index","","","https://veteranstransitionsupport.org/events/","","Non-Indexable","Canonicalised"
"https://veteranstransitionsupport.org/events/2026-05-22/","1","follow, index","","","https://veteranstransitionsupport.org/events/","","Non-Indexable","Canonicalised"
"https://veteranstransitionsupport.org/wp-content/cache/min/1/wp-content/plugins/events-calendar-pro/build/css/events-virtual-full.css?ver=1778679136","0","","","","","","Indexable",""
"https://veteranstransitionsupport.org/event/250-zoom-online-5-day-lean-six-sigma-green-belt-may-30-31-jun-6-7-8-5pmpst/","1","follow, index, max-snippet:-1, max-video-preview:-1, max-image-preview:large","","","https://veteranstransitionsupport.org/event/250-zoom-online-5-day-lean-six-sigma-green-belt-may-30-31-jun-6-7-8-5pmpst/","","Indexable",""
"https://veteranstransitionsupport.org/wp-content/uploads/2026/04/c79ea8e7da340e0b54350eb40a1823dc-IiP72D.tmp_.jpg","0","","","","","","Indexable",""
"https://veteranstransitionsupport.org/events/2026-04-30/","1","follow, index","","","https://veteranstransitionsupport.org/events/","","Non-Indexable","Canonicalised"
"https://veteranstransitionsupport.org/wp-content/uploads/2026/04/8c75dd7bbf34ddf093cec9ceca918248-g2By29.tmp_.jpg","0","","","","","","Indexable",""
"https://veteranstransitionsupport.org/events/2026-05-19/","1","follow, index","","","https://veteranstransitionsupport.org/events/","","Non-Indexable","Canonicalised"
"https://veteranstransitionsupport.org/events/2026-05-27/","1","follow, index","","","https://veteranstransitionsupport.org/events/","","Non-Indexable","Canonicalised"
"https://veteranstransitionsupport.org/events/2026-05-07/","1","follow, index","","","https://veteranstransitionsupport.org/events/","","Non-Indexable","Canonicalised"
"https://veteranstransitionsupport.org/events/list/","1","follow, index","","","https://veteranstransitionsupport.org/events/","","Non-Indexable","Canonicalised"
"https://veteranstransitionsupport.org/events/2026-05-15/","1","follow, index","","","https://veteranstransitionsupport.org/events/","","Non-Indexable","Canonicalised"
"https://veteranstransitionsupport.org/event/free-lean-six-sigma-yellow-belt-live-instructor-led-zoom-may-4-2026/","1","follow, index, max-snippet:-1, max-video-preview:-1, max-image-preview:large","","","https://veteranstransitionsupport.org/event/free-lean-six-sigma-yellow-belt-live-instructor-led-zoom-may-4-2026/","","Indexable",""
"https://veteranstransitionsupport.org/events/month/","1","follow, index","","","https://veteranstransitionsupport.org/events/","","Non-Indexable","Canonicalised"
"https://veteranstransitionsupport.org/events/2026-05-03/","1","follow, index","","","https://veteranstransitionsupport.org/events/","","Non-Indexable","Canonicalised"
"https://veteranstransitionsupport.org/events/2026-05-23/","1","follow, index","","","https://veteranstransitionsupport.org/events/","","Non-Indexable","Canonicalised"
"https://veteranstransitionsupport.org/events/2026-05-11/","1","follow, index","","","https://veteranstransitionsupport.org/events/","","Non-Indexable","Canonicalised"
"https://veteranstransitionsupport.org/wp-content/plugins/the-events-calendar/common/vendor/tooltipster/tooltipster.bundle.min.css?ver=6.11.1","0","","","","","","Indexable",""
"https://veteranstransitionsupport.org/events/2026-05-30/","1","follow, index","","","https://veteranstransitionsupport.org/events/","","Non-Indexable","Canonicalised"
"https://veteranstransitionsupport.org/wp-content/uploads/2026/05/18aae34b99ad62c9753dc59f2d8d19ea-VCFBnC.tmp_.jpg","0","","","","","","Indexable",""
"https://veteranstransitionsupport.org/event/may-30-veteran-career-transition-brief-jobs-resources/","1","follow, index, max-snippet:-1, max-video-preview:-1, max-image-preview:large","","","https://veteranstransitionsupport.org/event/may-30-veteran-career-transition-brief-jobs-resources/","","Indexable",""
"https://veteranstransitionsupport.org/wp-content/uploads/2025/01/afed7d2f-0423-45f2-aaec-771b0e19d8c1.jpg","0","","","","","","Indexable",""
"https://veteranstransitionsupport.org/wp-content/uploads/2026/03/b6da0e3001fa06a78345324942811031-knhVPG.tmp_.jpg","0","","","","","","Indexable",""
"https://veteranstransitionsupport.org/wp-content/cache/background-css/1/veteranstransitionsupport.org/wp-content/cache/min/1/wp-content/plugins/elementskit-lite/widgets/init/assets/css/widget-styles.css?ver=1778678887&wpr_t=1778713569","0","","","","","","Indexable",""
"https://veteranstransitionsupport.org/wp-content/cache/background-css/1/veteranstransitionsupport.org/wp-content/uploads/elementor/css/post-1306.css?ver=1778679277&wpr_t=1778713569","0","","","","","","Indexable",""
"https://veteranstransitionsupport.org/wp-content/uploads/2026/05/9a46ac9653b52fdce895ac7dd37c70bc-BgqXOt.tmp_.jpg","0","","","","","","Indexable",""
"https://veteranstransitionsupport.org/wp-content/cache/background-css/1/veteranstransitionsupport.org/wp-content/cache/min/1/wp-content/plugins/elementskit-lite/widgets/init/assets/css/widget-styles.css?ver=1778678887&wpr_t=1778717985","0","","","","","","Indexable",""
"https://veteranstransitionsupport.org/wp-content/cache/background-css/1/veteranstransitionsupport.org/wp-content/uploads/elementor/css/post-806.css?ver=1778679274&wpr_t=1778717985","0","","","","","","Indexable",""
"https://veteranstransitionsupport.org/wp-content/plugins/elementor/assets/lib/animations/styles/zoomIn.min.css?ver=4.0.8","0","","","","","","Indexable",""
"https://veteranstransitionsupport.org/wp-content/uploads/2025/01/a42addbc-1779-4d66-95d4-0342f647ec6e-edited--1024x743.jpg","0","","","","","","Indexable",""
"https://veteranstransitionsupport.org/wp-content/cache/background-css/1/veteranstransitionsupport.org/wp-content/cache/min/1/wp-content/plugins/elementskit-lite/widgets/init/assets/css/widget-styles.css?ver=1778678887&wpr_t=1778713571","0","","","","","","Indexable",""
"https://veteranstransitionsupport.org/wp-content/cache/background-css/1/veteranstransitionsupport.org/wp-content/uploads/elementor/css/post-1298.css?ver=1778679089&wpr_t=1778713571","0","","","","","","Indexable",""
"https://veteranstransitionsupport.org/wp-content/cache/background-css/1/veteranstransitionsupport.org/wp-content/uploads/elementor/css/post-1186.css?ver=1778679086&wpr_t=1778710874","0","","","","","","Indexable",""
"https://veteranstransitionsupport.org/wp-content/uploads/2025/01/067b6495-7d61-4e55-ba67-9ab18ffc74d9-790x1024.jpg","0","","","","","","Indexable",""
"https://veteranstransitionsupport.org/wp-content/cache/background-css/1/veteranstransitionsupport.org/wp-content/cache/min/1/wp-content/plugins/elementskit-lite/widgets/init/assets/css/widget-styles.css?ver=1778678887&wpr_t=1778710874","0","","","","","","Indexable",""
"https://veteranstransitionsupport.org/wp-content/cache/background-css/1/veteranstransitionsupport.org/wp-content/uploads/elementor/css/post-787.css?ver=1778679096&wpr_t=1778717483","0","","","","","","Indexable",""
"https://veteranstransitionsupport.org/wp-content/uploads/2025/01/vetctap.jpg","0","","","","","","Indexable",""
"https://veteranstransitionsupport.org/wp-content/uploads/2025/01/postgibill.jpg","0","","","","","","Indexable",""
"https://veteranstransitionsupport.org/wp-content/plugins/elementor/assets/lib/animations/styles/fadeIn.min.css?ver=4.0.8","0","","","","","","Indexable",""
"https://veteranstransitionsupport.org/wp-content/uploads/2025/01/wesaluteveterans.png","0","","","","","","Indexable",""
"https://veteranstransitionsupport.org/wp-content/uploads/2025/01/5fd349aae45c67388071599a_VANC-2018-Modern-Logo-Full-NB-1024x472.png","0","","","","","","Indexable",""
"https://veteranstransitionsupport.org/wp-content/uploads/2025/01/departmentofveteranaffairs.png","0","","","","","","Indexable",""
"https://veteranstransitionsupport.org/wp-content/uploads/2025/01/lean.jpg","0","","","","","","Indexable",""
"https://veteranstransitionsupport.org/wp-content/uploads/2025/01/trailheadmilitary_logo.jpg","0","","","","","","Indexable",""
"https://veteranstransitionsupport.org/wp-content/cache/background-css/1/veteranstransitionsupport.org/wp-content/cache/min/1/wp-content/plugins/elementskit-lite/widgets/init/assets/css/widget-styles.css?ver=1778678887&wpr_t=1778717483","0","","","","","","Indexable",""
"https://veteranstransitionsupport.org/wp-content/uploads/2025/01/benefits.gif","0","","","","","","Indexable",""
"https://veteranstransitionsupport.org/wp-content/cache/background-css/1/veteranstransitionsupport.org/wp-content/uploads/elementor/css/post-803.css?ver=1778679142&wpr_t=1778710283","0","","","","","","Indexable",""
"https://veteranstransitionsupport.org/wp-content/uploads/2025/01/5225da28-c0c4-465c-ab17-c210cae29f5d.jpg","0","","","","","","Indexable",""
"https://veteranstransitionsupport.org/wp-content/cache/background-css/1/veteranstransitionsupport.org/wp-content/cache/min/1/wp-content/plugins/elementskit-lite/widgets/init/assets/css/widget-styles.css?ver=1778678887&wpr_t=1778710283","0","","","","","","Indexable",""
"https://veteranstransitionsupport.org/wp-content/uploads/2025/01/d465fa3e-10f2-4ac2-a636-b323fd211df5-938x1024.jpg","0","","","","","","Indexable",""
"https://veteranstransitionsupport.org/wp-content/uploads/2025/01/204f3ac5-ae24-4497-8935-8ac3d04ffae9-768x1024.jpg","0","","","","","","Indexable",""
"https://veteranstransitionsupport.org/wp-content/plugins/elementskit-lite/widgets/init/assets/js/jquery.magnific-popup.min.js?ver=3.9.3","0","","","","","","Indexable",""
"https://veteranstransitionsupport.org/wp-content/uploads/2025/01/9f205131-3e77-4b61-941d-aa4da79a0cc8.jpg","0","","","","","","Indexable",""
"https://veteranstransitionsupport.org/wp-content/uploads/2025/01/2025-01-10-08-32-06-709-842x1024.jpg","0","","","","","","Indexable",""
"https://veteranstransitionsupport.org/wp-content/uploads/2025/01/wellsfargo.png","0","","","","","","Indexable",""
"https://veteranstransitionsupport.org/wp-content/plugins/elementor/assets/lib/animations/styles/e-animation-skew.min.css?ver=4.0.8","0","","","","","","Indexable",""
"https://veteranstransitionsupport.org/wp-content/uploads/2025/01/62fc4a5f-7680-494e-9e66-0964cc17baae.jpg","0","","","","","","Indexable",""
"https://veteranstransitionsupport.org/wp-content/uploads/2025/01/OB-logo-badge.png","0","","","","","","Indexable",""
"https://veteranstransitionsupport.org/wp-content/uploads/2025/01/bluestarmother.jpg","0","","","","","","Indexable",""
"https://veteranstransitionsupport.org/wp-content/cache/background-css/1/veteranstransitionsupport.org/wp-content/uploads/elementor/css/post-795.css?ver=1778678948&wpr_t=1778717988","0","","","","","","Indexable",""
"https://veteranstransitionsupport.org/wp-content/uploads/2025/01/food-4-less-e1735941951816.gif","0","","","","","","Indexable",""
"https://veteranstransitionsupport.org/wp-content/uploads/2025/01/tacticalcloudllclogo.png","0","","","","","","Indexable",""
"https://veteranstransitionsupport.org/wp-content/uploads/2025/01/GLA.png","0","","","","","","Indexable",""
"https://veteranstransitionsupport.org/wp-content/uploads/2025/01/homedepot.jpg","0","","","","","","Indexable",""
"https://veteranstransitionsupport.org/wp-content/uploads/2025/01/kernpatriotpartnershiplogo.jpeg","0","","","","","","Indexable",""
"https://veteranstransitionsupport.org/wp-content/uploads/2025/01/Bay_Alarm_Logo@2x.jpg","0","","","","","","Indexable",""
"https://veteranstransitionsupport.org/wp-content/uploads/2025/01/suja-logo-300x300-1-e1735941446718.jpg","0","","","","","","Indexable",""
"https://veteranstransitionsupport.org/wp-content/uploads/2025/01/logo-veterans-united-home-loans-2x.png","0","","","","","","Indexable",""
"https://veteranstransitionsupport.org/wp-content/uploads/2025/01/scelogo.png","0","","","","","","Indexable",""
"https://veteranstransitionsupport.org/wp-content/uploads/2025/01/staters.jpg","0","","","","","","Indexable",""
"https://veteranstransitionsupport.org/wp-content/uploads/2025/01/CEAC-Logo-D-125x123-1.jpg","0","","","","","","Indexable",""
"https://veteranstransitionsupport.org/wp-content/uploads/2025/01/enlyste-logo-e1671058874959.jpeg","0","","","","","","Indexable",""
"https://veteranstransitionsupport.org/wp-content/uploads/2025/01/giv-hero-logo.png","0","","","","","","Indexable",""
"https://veteranstransitionsupport.org/wp-content/uploads/2025/01/sams.jpg","0","","","","","","Indexable",""
"https://veteranstransitionsupport.org/wp-content/plugins/elementor/assets/css/widget-divider.min.css?ver=4.0.8","0","","","","","","Indexable",""
"https://veteranstransitionsupport.org/wp-content/uploads/2025/01/cox-cares-logo-e1580253554939.jpg","0","","","","","","Indexable",""
"https://veteranstransitionsupport.org/wp-content/uploads/2025/01/costuco-e1532450851131.jpg","0","","","","","","Indexable",""
"https://veteranstransitionsupport.org/wp-content/uploads/2025/01/Starbucks.jpg","0","","","","","","Indexable",""
"https://veteranstransitionsupport.org/wp-content/uploads/2025/01/walmart-e1477316105294.jpg","0","","","","","","Indexable",""
"https://veteranstransitionsupport.org/wp-content/uploads/2025/01/tsdf_fullcolorlogo_webres-1024x360.jpg","0","","","","","","Indexable",""
"https://veteranstransitionsupport.org/wp-content/uploads/2025/01/one-oc-logo.png","0","","","","","","Indexable",""
"https://veteranstransitionsupport.org/wp-content/cache/background-css/1/veteranstransitionsupport.org/wp-content/cache/min/1/wp-content/plugins/elementskit-lite/widgets/init/assets/css/widget-styles.css?ver=1778678887&wpr_t=1778717988","0","","","","","","Indexable",""
"https://veteranstransitionsupport.org/wp-content/uploads/2025/03/Joaquin-Gamboa-scaled-768x1087.jpg","0","","","","","","Indexable",""
"https://veteranstransitionsupport.org/wp-content/uploads/2025/03/Geraldine-Ferraren-scaled-768x826.jpg","0","","","","","","Indexable",""
"https://veteranstransitionsupport.org/wp-content/uploads/2025/01/partycity-e1735941608402.png","0","","","","","","Indexable",""
"https://veteranstransitionsupport.org/wp-content/cache/background-css/1/veteranstransitionsupport.org/wp-content/cache/min/1/wp-content/plugins/elementskit-lite/widgets/init/assets/css/widget-styles.css?ver=1778678887&wpr_t=1778710340","0","","","","","","Indexable",""
"https://veteranstransitionsupport.org/wp-content/uploads/2025/05/James-New-Photo-768x1024.jpg","0","","","","","","Indexable",""
"https://veteranstransitionsupport.org/wp-content/uploads/2025/01/elf_logo_registered.jpg","0","","","","","","Indexable",""
"https://veteranstransitionsupport.org/wp-content/cache/background-css/1/veteranstransitionsupport.org/wp-content/uploads/elementor/css/post-1291.css?ver=1778679041&wpr_t=1778710340","0","","","","","","Indexable",""
"https://veteranstransitionsupport.org/wp-content/cache/min/1/wp-content/plugins/events-calendar-pro/build/css/custom-tables-v1/single.css?ver=1778679136","0","","","","","","Indexable",""
"https://veteranstransitionsupport.org/wp-content/uploads/2025/01/bf066448-d25d-4ff0-9971-6baacea6592d-1024x639.jpg","0","","","","","","Indexable",""
"https://veteranstransitionsupport.org/wp-content/cache/background-css/1/veteranstransitionsupport.org/wp-content/uploads/elementor/css/post-1302.css?ver=1778680552&wpr_t=1778710873","0","","","","","","Indexable",""
"https://veteranstransitionsupport.org/wp-content/cache/background-css/1/veteranstransitionsupport.org/wp-content/cache/min/1/wp-content/plugins/elementskit-lite/widgets/init/assets/css/widget-styles.css?ver=1778678887&wpr_t=1778710873","0","","","","","","Indexable",""
"https://veteranstransitionsupport.org/wp-content/cache/min/1/wp-content/plugins/events-calendar-pro/build/css/events-virtual-single-skeleton.css?ver=1778679136","0","","","","","","Indexable",""
"https://veteranstransitionsupport.org/wp-content/uploads/2025/03/IMG_5592-e1741892298442-768x745.png","0","","","","","","Indexable",""
"https://veteranstransitionsupport.org/wp-content/cache/min/1/wp-content/plugins/events-calendar-pro/build/css/events-virtual-single-full.css?ver=1778679136","0","","","","","","Indexable",""
"https://veteranstransitionsupport.org/wp-content/plugins/wp-rocket/assets/js/wpr-beacon.min.js","0","","","","","","Indexable",""
"https://veteranstransitionsupport.org/wp-content/cache/min/1/wp-content/plugins/events-calendar-pro/build/css/events-virtual-single-v2-skeleton.css?ver=1778679136","0","","","","","","Indexable",""
"https://veteranstransitionsupport.org/wp-content/cache/min/1/wp-content/plugins/events-calendar-pro/build/css/tribe-events-pro-full.css?ver=1778679136","0","","","","","","Indexable",""
"https://veteranstransitionsupport.org/wp-content/cache/min/1/wp-content/plugins/events-calendar-pro/build/css/events-virtual-single-v2-full.css?ver=1778679136","0","","","","","","Indexable",""
"https://veteranstransitionsupport.org/wp-content/plugins/the-events-calendar/src/resources/images/tribe-loading.gif","0","","","","","","Indexable",""
"https://veteranstransitionsupport.org/organizer/veterans-transition-support-vts/","1","follow, index, max-snippet:-1, max-video-preview:-1, max-image-preview:large","","","https://veteranstransitionsupport.org/organizer/veterans-transition-support-vts/","","Indexable",""
"https://veteranstransitionsupport.org/wp-content/cache/background-css/1/veteranstransitionsupport.org/wp-content/uploads/elementor/css/post-1289.css?ver=1778678946&wpr_t=1778717990","0","","","","","","Indexable",""
"https://veteranstransitionsupport.org/wp-content/cache/background-css/1/veteranstransitionsupport.org/wp-content/cache/min/1/wp-content/plugins/elementskit-lite/widgets/init/assets/css/widget-styles.css?ver=1778678887&wpr_t=1778713622","0","","","","","","Indexable",""
"https://veteranstransitionsupport.org/wp-content/cache/background-css/1/veteranstransitionsupport.org/wp-content/cache/min/1/wp-content/plugins/elementskit-lite/widgets/init/assets/css/widget-styles.css?ver=1778678887&wpr_t=1778717990","0","","","","","","Indexable",""
"https://veteranstransitionsupport.org/wp-content/uploads/2025/01/49a8387a-95b9-4702-b6c6-a38f88183bd1-682x1024.jpg","0","","","","","","Indexable",""
"https://veteranstransitionsupport.org/wp-content/uploads/2025/01/f2030424-6870-42c0-8788-0b61e93feddf-878x1024.jpg","0","","","","","","Indexable",""
"https://veteranstransitionsupport.org/wp-content/cache/min/1/wp-content/plugins/elementskit-lite/modules/elementskit-icon-pack/assets/css/ekiticons.css?ver=1778678887","0","","","","","","Indexable",""
"https://veteranstransitionsupport.org/wp-content/cache/background-css/1/veteranstransitionsupport.org/wp-content/uploads/elementor/css/post-1301.css?ver=1778678946&wpr_t=1778710873","0","","","","","","Indexable",""
"https://veteranstransitionsupport.org/wp-content/cache/background-css/1/veteranstransitionsupport.org/wp-content/cache/min/1/wp-content/plugins/elementskit-lite/widgets/init/assets/css/widget-styles.css?ver=1778678887&wpr_t=1778715077","0","","","","","","Indexable",""
"https://veteranstransitionsupport.org/wp-content/cache/background-css/1/veteranstransitionsupport.org/wp-content/cache/min/1/wp-content/plugins/elementskit-lite/widgets/init/assets/css/widget-styles.css?ver=1778678887&wpr_t=1778717993","0","","","","","","Indexable",""
"https://veteranstransitionsupport.org/wp-content/uploads/2025/01/VA-Disability-CLass-scaled-1024x648.jpg","0","","","","","","Indexable",""
"https://veteranstransitionsupport.org/wp-content/cache/background-css/1/veteranstransitionsupport.org/wp-content/uploads/elementor/css/post-798.css?ver=1778679035&wpr_t=1778717993","0","","","","","","Indexable",""
"https://veteranstransitionsupport.org/wp-content/cache/background-css/1/veteranstransitionsupport.org/wp-content/uploads/elementor/css/post-1453.css?ver=1778678947&wpr_t=1778716022","0","","","","","","Indexable",""
"https://veteranstransitionsupport.org/wp-content/cache/min/1/wp-content/uploads/happyaddons/css/ha-798.css?ver=1778679035","0","","","","","","Indexable",""
"https://veteranstransitionsupport.org/wp-content/cache/background-css/1/veteranstransitionsupport.org/wp-content/cache/min/1/wp-content/plugins/elementskit-lite/widgets/init/assets/css/widget-styles.css?ver=1778678887&wpr_t=1778716022","0","","","","","","Indexable",""
"https://veteranstransitionsupport.org/wp-content/uploads/2025/01/20180709_110259-scaled-1024x768.jpg","0","","","","","","Indexable",""
"https://veteranstransitionsupport.org/wp-content/uploads/2025/01/Image20250110013941.jpg","0","","","","","","Indexable",""
"https://veteranstransitionsupport.org/wp-content/uploads/2025/01/3b14615a-88eb-445c-b254-014d2e309b17-1024x577.jpg","0","","","","","","Indexable",""
"https://veteranstransitionsupport.org/wp-content/cache/background-css/1/veteranstransitionsupport.org/wp-content/uploads/elementor/css/post-1296.css?ver=1778679029&wpr_t=1778713571","0","","","","","","Indexable",""
"https://veteranstransitionsupport.org/wp-content/cache/fonts/1/google-fonts/css/a/c/e/3e85de7e5e84e0653d00c7213a1bc.css","0","","","","","","Indexable",""
"https://veteranstransitionsupport.org/wp-content/uploads/2025/01/nocosttraining-scaled-1024x683.jpg","0","","","","","","Indexable",""
"https://veteranstransitionsupport.org/wp-content/cache/background-css/1/veteranstransitionsupport.org/wp-content/uploads/elementor/css/post-1465.css?ver=1778680549&wpr_t=1778717994","0","","","","","","Indexable",""
"https://veteranstransitionsupport.org/wp-content/cache/background-css/1/veteranstransitionsupport.org/wp-content/cache/min/1/wp-content/plugins/elementskit-lite/widgets/init/assets/css/widget-styles.css?ver=1778678887&wpr_t=1778717994","0","","","","","","Indexable",""
"https://veteranstransitionsupport.org/wp-content/uploads/2025/01/86ec010b-1af6-4f78-91da-0e9c59ced1fc.jpg","0","","","","","","Indexable",""
"https://veteranstransitionsupport.org/wp-content/uploads/2025/01/60bc937f-d7cb-4d64-80d4-0dae73ef8e94.jpg","0","","","","","","Indexable",""
"https://veteranstransitionsupport.org/wp-content/cache/background-css/1/veteranstransitionsupport.org/wp-content/uploads/elementor/css/post-285.css?ver=1778679092&wpr_t=1778710147","0","","","","","","Indexable",""
"https://veteranstransitionsupport.org/wp-content/uploads/2025/01/3e2ff292-51c0-4526-a0b9-b03794cceeb4.jpg","0","","","","","","Indexable",""
"https://veteranstransitionsupport.org/wp-content/uploads/2025/01/fd894465-6f1f-458e-a0a3-315eea8ceb44.jpg","0","","","","","","Indexable",""
"https://veteranstransitionsupport.org/wp-content/plugins/elementor/assets/css/widget-icon-box.min.css?ver=4.0.8","0","","","","","","Indexable",""
"https://veteranstransitionsupport.org/wp-content/uploads/2025/01/d2e7733e-233d-4cdd-8320-ddc3ee33c70c.jpg","0","","","","","","Indexable",""
"https://veteranstransitionsupport.org/wp-content/cache/background-css/1/veteranstransitionsupport.org/wp-content/cache/min/1/wp-content/plugins/elementskit-lite/widgets/init/assets/css/widget-styles.css?ver=1778678887&wpr_t=1778710147","0","","","","","","Indexable",""
"https://veteranstransitionsupport.org/wp-content/uploads/2025/01/SS855229.jpg","0","","","","","","Indexable",""
"https://veteranstransitionsupport.org/wp-content/cache/background-css/1/veteranstransitionsupport.org/wp-content/cache/min/1/wp-content/plugins/elementskit-lite/widgets/init/assets/css/widget-styles.css?ver=1778678887&wpr_t=1778713626","0","","","","","","Indexable",""
"https://veteranstransitionsupport.org/wp-content/uploads/2025/01/DSC_0020-scaled.jpg","0","","","","","","Indexable",""
"https://veteranstransitionsupport.org/wp-content/uploads/2025/01/vtsfood3300x200-1.jpg","0","","","","","","Indexable",""
"https://veteranstransitionsupport.org/wp-content/uploads/2025/01/DSC_0030-scaled.jpg","0","","","","","","Indexable",""
"https://veteranstransitionsupport.org/wp-content/uploads/2025/01/20180406_090324-scaled.jpg","0","","","","","","Indexable",""
"https://veteranstransitionsupport.org/wp-content/uploads/2025/01/Russell-and-Kevin0.jpg","0","","","","","","Indexable",""
"https://veteranstransitionsupport.org/wp-content/uploads/2025/01/misson22.jpg","0","","","","","","Indexable",""
"https://veteranstransitionsupport.org/wp-content/uploads/2025/01/IMG_0620-1-scaled.jpg","0","","","","","","Indexable",""
"https://veteranstransitionsupport.org/wp-content/uploads/2025/01/Starbucks-Interview-Photo-Lacey-scaled.jpg","0","","","","","","Indexable",""
"https://veteranstransitionsupport.org/wp-content/uploads/2025/01/interviewandtraining.jpg","0","","","","","","Indexable",""
"https://veteranstransitionsupport.org/wp-content/uploads/2025/01/Marines-Graduate-From-Kana-U.jpg","0","","","","","","Indexable",""
"https://veteranstransitionsupport.org/wp-content/uploads/2025/01/IMG_2576-scaled.jpg","0","","","","","","Indexable",""
"https://veteranstransitionsupport.org/wp-content/uploads/2025/01/20230715_103443-scaled-1.jpg","0","","","","","","Indexable",""
"https://veteranstransitionsupport.org/wp-content/uploads/2025/01/Veteran-Food-box-drive2-scaled-1.jpg","0","","","","","","Indexable",""
"https://veteranstransitionsupport.org/wp-content/uploads/2025/01/IMG_0619-scaled.jpg","0","","","","","","Indexable",""
"https://veteranstransitionsupport.org/wp-content/uploads/2025/01/20150712_120103-scaled.jpg","0","","","","","","Indexable",""
"https://veteranstransitionsupport.org/wp-content/uploads/2025/01/DSC_0035-1-scaled.jpg","0","","","","","","Indexable",""
"https://veteranstransitionsupport.org/wp-content/uploads/2025/01/DSC_0188-scaled.jpg","0","","","","","","Indexable",""
"https://veteranstransitionsupport.org/wp-content/uploads/2025/01/Impact.jpg","0","","","","","","Indexable",""
"https://veteranstransitionsupport.org/wp-content/uploads/2025/01/vtsosha1.jpg","0","","","","","","Indexable",""
"https://veteranstransitionsupport.org/wp-content/uploads/2025/01/DSC_0009-scaled.jpg","0","","","","","","Indexable",""
"https://veteranstransitionsupport.org/wp-content/uploads/2025/01/volunteers2.jpg","0","","","","","","Indexable",""
"https://veteranstransitionsupport.org/wp-content/uploads/2025/01/rsz_12presidentveteranstrained.jpg","0","","","","","","Indexable",""
"https://veteranstransitionsupport.org/wp-content/uploads/2025/01/DSC_0029-scaled.jpg","0","","","","","","Indexable",""
"https://veteranstransitionsupport.org/wp-content/uploads/2025/01/helping-1-veteran-at-a-time-10.png","0","","","","","","Indexable",""
"https://veteranstransitionsupport.org/wp-content/uploads/2025/01/DSC_0019-scaled.jpg","0","","","","","","Indexable",""
"https://veteranstransitionsupport.org/wp-content/uploads/2025/01/IMG_0562.jpg","0","","","","","","Indexable",""
"https://veteranstransitionsupport.org/wp-content/uploads/2025/01/20180407_090321-scaled.jpg","0","","","","","","Indexable",""
"https://veteranstransitionsupport.org/wp-content/uploads/2025/01/20160211_191830-scaled.jpg","0","","","","","","Indexable",""
"https://veteranstransitionsupport.org/wp-content/uploads/2025/01/training.jpg","0","","","","","","Indexable",""
"https://veteranstransitionsupport.org/wp-content/uploads/2025/01/First-Services-Interview-Event-4.jpg","0","","","","","","Indexable",""
"https://veteranstransitionsupport.org/wp-content/uploads/2025/01/20160612_115413-scaled.jpg","0","","","","","","Indexable",""
"https://veteranstransitionsupport.org/wp-content/uploads/2025/01/miguel-sean-jackie.jpg","0","","","","","","Indexable",""
"https://veteranstransitionsupport.org/wp-content/uploads/2025/01/DSC_0003-scaled.jpg","0","","","","","","Indexable",""
"https://veteranstransitionsupport.org/wp-content/uploads/2025/01/Pro_slider_1.jpg","0","","","","","","Indexable",""
"https://veteranstransitionsupport.org/wp-content/uploads/2025/01/IMG_0617-scaled.jpg","0","","","","","","Indexable",""
"https://veteranstransitionsupport.org/wp-content/uploads/2025/01/IMG_0614-scaled.jpg","0","","","","","","Indexable",""
"https://veteranstransitionsupport.org/wp-content/uploads/2025/01/IMG_9382.jpg","0","","","","","","Indexable",""
"https://veteranstransitionsupport.org/wp-content/uploads/2025/01/volunteer-3.jpg","0","","","","","","Indexable",""
"https://veteranstransitionsupport.org/wp-content/uploads/2025/01/pro_slider_6.jpg","0","","","","","","Indexable",""
"https://veteranstransitionsupport.org/wp-content/plugins/elementor-pro/assets/css/widget-gallery.min.css?ver=3.35.1","0","","","","","","Indexable",""
"https://veteranstransitionsupport.org/wp-content/uploads/2025/01/DSC_0021-scaled.jpg","0","","","","","","Indexable",""
"https://veteranstransitionsupport.org/wp-content/uploads/2025/01/crop11600x680.jpg","0","","","","","","Indexable",""
"https://veteranstransitionsupport.org/wp-content/uploads/2025/01/IMG_0882-scaled.jpg","0","","","","","","Indexable",""
"https://veteranstransitionsupport.org/wp-content/uploads/2025/01/75464249_1555859524552594_4253337694123327488_o.jpg","0","","","","","","Indexable",""
"https://veteranstransitionsupport.org/wp-content/uploads/2025/01/IMG_0589-scaled.jpg","0","","","","","","Indexable",""
"https://veteranstransitionsupport.org/wp-content/uploads/2025/01/slider2-1600x680-1.jpg","0","","","","","","Indexable",""
"https://veteranstransitionsupport.org/wp-content/uploads/2025/01/misson44.jpg","0","","","","","","Indexable",""
"https://veteranstransitionsupport.org/wp-content/uploads/2025/01/pro_slider_3.jpg","0","","","","","","Indexable",""
"https://veteranstransitionsupport.org/wp-content/uploads/2025/01/pro_slider_11.jpg","0","","","","","","Indexable",""
"https://veteranstransitionsupport.org/wp-content/uploads/2025/01/IMG_0630-1-scaled.jpg","0","","","","","","Indexable",""
"https://veteranstransitionsupport.org/wp-content/uploads/2025/01/veteranconnect.jpg","0","","","","","","Indexable",""
"https://veteranstransitionsupport.org/wp-content/uploads/2025/01/SNCO-Academy-December-2015-scaled.jpg","0","","","","","","Indexable",""
"https://veteranstransitionsupport.org/wp-content/uploads/2025/01/20230710_130205-scaled-1.jpg","0","","","","","","Indexable",""
"https://veteranstransitionsupport.org/wp-content/uploads/2025/01/rsz_videobackground-1.jpg","0","","","","","","Indexable",""
"https://veteranstransitionsupport.org/wp-content/uploads/2025/01/pro_slider_8.jpg","0","","","","","","Indexable",""
"https://veteranstransitionsupport.org/wp-content/uploads/2025/01/DSC_0014-1-scaled.jpg","0","","","","","","Indexable",""
"https://veteranstransitionsupport.org/wp-content/uploads/2025/01/Deb-Seymour-celebates-scaled.jpg","0","","","","","","Indexable",""
"https://veteranstransitionsupport.org/wp-content/uploads/2025/01/IMG_12891.jpg","0","","","","","","Indexable",""
"https://veteranstransitionsupport.org/wp-content/uploads/2025/01/68458724_1465728543565693_2151949005238566912_o.jpg","0","","","","","","Indexable",""
"https://veteranstransitionsupport.org/wp-content/uploads/2025/01/russ-teaching-lean.jpg","0","","","","","","Indexable",""
"https://veteranstransitionsupport.org/wp-content/uploads/2025/01/IMG_7955.jpg","0","","","","","","Indexable",""
"https://veteranstransitionsupport.org/wp-content/uploads/2025/01/veteransuniteddonation2018-2-scaled.jpg","0","","","","","","Indexable",""
"https://veteranstransitionsupport.org/wp-content/uploads/2025/01/31945660_10155712862157476_437803192055496704_n.jpg","0","","","","","","Indexable",""
"https://veteranstransitionsupport.org/wp-content/cache/background-css/1/veteranstransitionsupport.org/wp-content/cache/min/1/wp-content/plugins/elementskit-lite/widgets/init/assets/css/widget-styles.css?ver=1778678887&wpr_t=1778717996","0","","","","","","Indexable",""
"https://veteranstransitionsupport.org/wp-content/uploads/2025/01/d0613803-1a0c-47d3-9694-510eb3879754-1024x478.jpg","0","","","","","","Indexable",""
"https://veteranstransitionsupport.org/wp-content/uploads/2025/01/072865cb-4c9d-4c69-91e5-bf7234070925-1024x915.jpg","0","","","","","","Indexable",""
"https://veteranstransitionsupport.org/wp-content/uploads/2025/01/20160214_102215-1-scaled.jpg","0","","","","","","Indexable",""
"https://veteranstransitionsupport.org/wp-content/cache/background-css/1/veteranstransitionsupport.org/wp-content/uploads/elementor/css/post-1300.css?ver=1778678949&wpr_t=1778713569","0","","","","","","Indexable",""
"https://veteranstransitionsupport.org/wp-content/cache/background-css/1/veteranstransitionsupport.org/wp-content/uploads/elementor/css/post-797.css?ver=1778679138&wpr_t=1778716532","0","","","","","","Indexable",""
"https://veteranstransitionsupport.org/wp-content/uploads/2025/01/e167b06d-ee0a-4a8a-9d66-1d25b28b53e3-934x1024.jpg","0","","","","","","Indexable",""
"https://veteranstransitionsupport.org/wp-content/uploads/2025/01/Thank-you.jpg","0","","","","","","Indexable",""
"https://veteranstransitionsupport.org/wp-content/uploads/2025/01/pro_slider_3-1.jpg","0","","","","","","Indexable",""
"https://veteranstransitionsupport.org/wp-content/cache/background-css/1/veteranstransitionsupport.org/wp-content/cache/min/1/wp-content/plugins/elementskit-lite/widgets/init/assets/css/widget-styles.css?ver=1778678887&wpr_t=1778716532","0","","","","","","Indexable",""
"https://veteranstransitionsupport.org/wp-content/uploads/2025/01/DSC_0056-scaled.jpg","0","","","","","","Indexable",""
"https://veteranstransitionsupport.org/wp-content/uploads/2025/01/vtsphoto5.jpg","0","","","","","","Indexable",""
"https://veteranstransitionsupport.org/wp-content/uploads/2025/01/IMG_1132-1-scaled.jpg","0","","","","","","Indexable",""
"https://veteranstransitionsupport.org/wp-content/uploads/2025/01/IMG_2571-scaled.jpg","0","","","","","","Indexable",""
"https://veteranstransitionsupport.org/wp-content/uploads/2025/01/DSC_0011-1-scaled.jpg","0","","","","","","Indexable",""
"https://veteranstransitionsupport.org/wp-content/uploads/2025/01/IMG_0564-scaled.jpg","0","","","","","","Indexable",""
"https://veteranstransitionsupport.org/wp-content/uploads/2025/01/Anthony-OSHA-10-3-scaled.jpg","0","","","","","","Indexable",""
"https://veteranstransitionsupport.org/wp-content/uploads/2025/01/pro_slider_2.jpg","0","","","","","","Indexable",""
"https://veteranstransitionsupport.org/wp-content/uploads/2025/01/veteransuniteddonation2018-1-scaled.jpg","0","","","","","","Indexable",""
"https://veteranstransitionsupport.org/wp-content/uploads/2025/01/volunteer4.jpg","0","","","","","","Indexable",""
"https://veteranstransitionsupport.org/wp-content/uploads/2025/01/misson11.jpg","0","","","","","","Indexable",""
"https://veteranstransitionsupport.org/wp-content/uploads/2025/01/vtsphoto7300x200.jpg","0","","","","","","Indexable",""
"https://veteranstransitionsupport.org/wp-content/plugins/elementor/assets/lib/e-gallery/js/e-gallery.min.js?ver=1.2.0","0","","","","","","Indexable",""
"https://veteranstransitionsupport.org/wp-content/plugins/elementor/assets/lib/e-gallery/css/e-gallery.min.css?ver=1.2.0","0","","","","","","Indexable",""
"https://veteranstransitionsupport.org/wp-content/uploads/2025/01/20200125_1650151-scaled.jpg","0","","","","","","Indexable",""
"https://veteranstransitionsupport.org/wp-content/uploads/2025/01/DSC_0007-scaled.jpg","0","","","","","","Indexable",""
"https://veteranstransitionsupport.org/wp-content/uploads/2025/01/20230425_114109-scaled-e1716614002109.jpg","0","","","","","","Indexable",""
"https://veteranstransitionsupport.org/wp-content/uploads/2025/01/pro_slider_5.jpg","0","","","","","","Indexable",""
"https://veteranstransitionsupport.org/wp-content/uploads/2025/01/20200125_1650141-1-1-scaled.jpg","0","","","","","","Indexable",""
"https://veteranstransitionsupport.org/wp-content/uploads/2025/01/20200125_1649291-scaled.jpg","0","","","","","","Indexable",""
"https://veteranstransitionsupport.org/wp-content/uploads/2025/01/SS855264.jpg","0","","","","","","Indexable",""
"https://veteranstransitionsupport.org/wp-content/uploads/2025/01/misson33.jpg","0","","","","","","Indexable",""
"https://veteranstransitionsupport.org/wp-content/uploads/2025/01/pro_slider_4.jpg","0","","","","","","Indexable",""
"https://veteranstransitionsupport.org/wp-content/uploads/2025/01/RussellatNcoe8academy.jpg","0","","","","","","Indexable",""
"https://veteranstransitionsupport.org/wp-content/uploads/2025/01/volunteer-1.jpg","0","","","","","","Indexable",""
"https://veteranstransitionsupport.org/wp-content/uploads/2025/01/slideshow03.jpg","0","","","","","","Indexable",""
"https://veteranstransitionsupport.org/wp-content/uploads/2025/01/IMG_1126-1-scaled.jpg","0","","","","","","Indexable",""
"https://veteranstransitionsupport.org/wp-content/uploads/2025/01/volunteer-e1498765270911.jpg","0","","","","","","Indexable",""
"https://veteranstransitionsupport.org/wp-content/uploads/2025/01/nocosttraining-scaled.jpg","0","","","","","","Indexable",""
"https://veteranstransitionsupport.org/wp-content/uploads/2025/01/IMG_9387.jpg","0","","","","","","Indexable",""
"https://veteranstransitionsupport.org/wp-content/cache/background-css/1/veteranstransitionsupport.org/wp-content/uploads/elementor/css/post-810.css?ver=1778679271&wpr_t=1778717995","0","","","","","","Indexable",""
"https://veteranstransitionsupport.org/wp-content/uploads/2025/01/DSC_0028-scaled.jpg","0","","","","","","Indexable",""
"https://veteranstransitionsupport.org/wp-content/uploads/2025/01/Mission-High-School-VTS-Veteran-Gift-Box-give-away-scaled-1.jpg","0","","","","","","Indexable",""
"https://veteranstransitionsupport.org/wp-content/uploads/2025/01/20180406_111836-scaled.jpg","0","","","","","","Indexable",""
"https://veteranstransitionsupport.org/wp-content/uploads/2025/01/vtsphotovolunteers.jpg","0","","","","","","Indexable",""
"https://veteranstransitionsupport.org/wp-content/uploads/2025/01/DSC_0036-1-scaled.jpg","0","","","","","","Indexable",""
"https://veteranstransitionsupport.org/wp-content/cache/background-css/1/veteranstransitionsupport.org/wp-content/cache/min/1/wp-content/plugins/elementskit-lite/widgets/init/assets/css/widget-styles.css?ver=1778678887&wpr_t=1778717995","0","","","","","","Indexable",""
"https://veteranstransitionsupport.org/wp-content/uploads/2025/01/Logistic-Supply-chain-Russell-april-2018-scaled.jpg","0","","","","","","Indexable",""
"https://veteranstransitionsupport.org/wp-content/uploads/2025/01/vtsphoto8300x2000.jpg","0","","","","","","Indexable",""
"https://veteranstransitionsupport.org/wp-content/uploads/2025/01/20230125_090101-scaled-1.jpg","0","","","","","","Indexable",""
"https://veteranstransitionsupport.org/wp-content/uploads/2025/01/slideshow01.jpg","0","","","","","","Indexable",""
"https://veteranstransitionsupport.org/wp-content/uploads/2025/01/20180303_110540-scaled.jpg","0","","","","","","Indexable",""
"https://veteranstransitionsupport.org/wp-content/uploads/2025/01/vtsphoto6300x200.jpg","0","","","","","","Indexable",""
"https://veteranstransitionsupport.org/wp-content/uploads/2025/01/becomeavolunteer.jpg","0","","","","","","Indexable",""
"https://veteranstransitionsupport.org/wp-content/uploads/2025/01/DSC_0025-1-scaled.jpg","0","","","","","","Indexable",""
"https://veteranstransitionsupport.org/wp-content/uploads/2025/01/russellgettingbigcheckvu0.jpg","0","","","","","","Indexable",""
"https://veteranstransitionsupport.org/wp-content/cache/background-css/1/veteranstransitionsupport.org/wp-content/cache/min/1/wp-content/plugins/elementskit-lite/widgets/init/assets/css/widget-styles.css?ver=1778678887&wpr_t=1778718002","0","","","","","","Indexable",""
"https://veteranstransitionsupport.org/venue/vts/","1","follow, index, max-snippet:-1, max-video-preview:-1, max-image-preview:large","","","https://veteranstransitionsupport.org/venue/vts/","","Indexable",""
"https://veteranstransitionsupport.org/events/list/?tribe-bar-date=2026-05-12","1","follow, index","","","https://veteranstransitionsupport.org/events/","","Non-Indexable","Canonicalised"
"https://veteranstransitionsupport.org/wp-content/cache/background-css/1/veteranstransitionsupport.org/wp-content/cache/min/1/wp-content/plugins/elementskit-lite/widgets/init/assets/css/widget-styles.css?ver=1778678887&wpr_t=1778718001","0","","","","","","Indexable",""
"https://veteranstransitionsupport.org/events/list/?tribe-bar-date=2026-05-24","1","follow, index","","","https://veteranstransitionsupport.org/events/","","Non-Indexable","Canonicalised"
"https://veteranstransitionsupport.org/events/list/?tribe-bar-date=2026-05-04","1","follow, index","","","https://veteranstransitionsupport.org/events/","","Non-Indexable","Canonicalised"
"https://veteranstransitionsupport.org/events/list/?tribe-bar-date=2026-05-16","1","follow, index","","","https://veteranstransitionsupport.org/events/","","Non-Indexable","Canonicalised"
"https://veteranstransitionsupport.org/wp-content/cache/background-css/1/veteranstransitionsupport.org/wp-content/cache/min/1/wp-content/plugins/elementskit-lite/widgets/init/assets/css/widget-styles.css?ver=1778678887&wpr_t=1778718000","0","","","","","","Indexable",""
"https://veteranstransitionsupport.org/events/list/?tribe-bar-date=2026-05-28","1","follow, index","","","https://veteranstransitionsupport.org/events/","","Non-Indexable","Canonicalised"
"https://veteranstransitionsupport.org/wp-content/cache/background-css/1/veteranstransitionsupport.org/wp-content/cache/min/1/wp-content/plugins/elementskit-lite/widgets/init/assets/css/widget-styles.css?ver=1778678887&wpr_t=1778710158","0","","","","","","Indexable",""
"https://veteranstransitionsupport.org/wp-content/plugins/elementor/assets/lib/font-awesome/css/v4-shims.min.css?ver=6.6.4","0","","","","","","Indexable",""
"https://veteranstransitionsupport.org/events/list/?tribe-bar-date=2026-05-08","1","follow, index","","","https://veteranstransitionsupport.org/events/","","Non-Indexable","Canonicalised"
"https://veteranstransitionsupport.org/wp-content/uploads/elementor/css/post-1177.css?ver=1778679044","0","","","","","","Indexable",""
"https://veteranstransitionsupport.org/wp-content/cache/min/1/wp-content/uploads/essential-addons-elementor/eael-1177.css?ver=1778679044","0","","","","","","Indexable",""
"https://veteranstransitionsupport.org/wp-content/plugins/happy-elementor-addons/assets/vendor/jarallax/jarallax.min.css?ver=3.21.4","0","","","","","","Indexable",""
"https://veteranstransitionsupport.org/wp-content/cache/min/1/wp-content/uploads/essential-addons-elementor/eael-1177.js?ver=1778248097","0","","","","","","Indexable",""
"https://veteranstransitionsupport.org/wp-content/cache/background-css/1/veteranstransitionsupport.org/wp-content/cache/min/1/wp-content/plugins/elementskit-lite/widgets/init/assets/css/widget-styles.css?ver=1778678887&wpr_t=1778713585","0","","","","","","Indexable",""
"https://veteranstransitionsupport.org/events/month/2026-05/","1","follow, index","","","https://veteranstransitionsupport.org/events/","","Non-Indexable","Canonicalised"
"https://veteranstransitionsupport.org/wp-content/cache/min/1/wp-content/plugins/elementor/assets/lib/font-awesome/css/all.min.css?ver=1778679044","0","","","","","","Indexable",""
"https://veteranstransitionsupport.org/wp-content/cache/fonts/1/google-fonts/css/2/2/6/3e52035d5f1ebc2e0abe1d84e8b16.css","0","","","","","","Indexable",""
"https://veteranstransitionsupport.org/wp-content/uploads/2026/04/vts-events-calendar-free-and-low-cost-training-schedule.png","0","","","","","","Indexable",""
