"Address","Content Type","Size (bytes)","IMG Inlinks","Indexability","Indexability Status","Dimensions"
"https://veteranstransitionsupport.org/wp-content/uploads/2025/01/Image20250110021710-1024x1024.png","image/png","48191","89","Indexable","",""
"https://veteranstransitionsupport.org/wp-content/uploads/2025/01/logo-1024x777.png","image/png","31617","89","Indexable","",""
"https://veteranstransitionsupport.org/wp-content/uploads/2025/01/Image20250110021434.png","image/png","5991","89","Indexable","",""
"https://veteranstransitionsupport.org/wp-content/uploads/2026/03/new-certificate-image-comp.png","image/png","351829","1","Indexable","",""
"https://veteranstransitionsupport.org/wp-content/uploads/2026/03/ChatGPT-Image-Feb-28_-2026_-01_17_51-AM.png","image/png","142259","1","Indexable","",""
"https://veteranstransitionsupport.org/wp-content/uploads/2026/03/VTS-Donation-page-Teaching-photo.png","image/png","226201","1","Indexable","",""
"https://veteranstransitionsupport.org/wp-content/uploads/2026/05/525b7d075e19c0e5d4ffd6721c124a81-95b03Z.tmp_.jpg","image/jpeg","290985","12","Indexable","",""
"https://veteranstransitionsupport.org/wp-content/uploads/2026/04/3de140015e81cb41560493513fd4118a-y2yG8j.tmp_.jpg","image/jpeg","499493","11","Indexable","",""
"https://veteranstransitionsupport.org/wp-content/uploads/2026/05/4a6e4dd884c09ccbdad46e8f34a386c9-e07eSl.tmp_.jpg","image/jpeg","294260","45","Indexable","",""
"https://veteranstransitionsupport.org/wp-content/uploads/2026/05/1aeb5ed39acef58928b3cd8e0a562704-Uh9tY7.tmp_.jpg","image/jpeg","457207","15","Indexable","",""
"https://veteranstransitionsupport.org/wp-content/uploads/2026/05/e6be4071e4ea7eb22cb9631904c90bec-BYWy89.tmp_.jpg","image/jpeg","325661","13","Indexable","",""
"https://veteranstransitionsupport.org/wp-content/uploads/2026/05/4a345c840163d282a07d8cea6ed61b63-Sh5jH9.tmp_.jpg","image/jpeg","422594","11","Indexable","",""
"https://veteranstransitionsupport.org/wp-content/uploads/2026/03/492c056aaa67cf20dcf68ed41c396376-ZgI0Zq.tmp_.jpg","image/jpeg","213681","6","Indexable","",""
"https://veteranstransitionsupport.org/wp-content/uploads/2026/04/6e640ec1245eb3b192d8c43e7fd56487-0Mn0AA.tmp_.jpg","image/jpeg","291572","6","Indexable","",""
"https://veteranstransitionsupport.org/wp-content/uploads/2026/04/c9cd4d7ca47ecafe17d543a8355562cf-vMRjfT.tmp_.jpg","image/jpeg","296548","6","Indexable","",""
"https://veteranstransitionsupport.org/wp-content/uploads/2026/04/c79ea8e7da340e0b54350eb40a1823dc-IiP72D.tmp_.jpg","image/jpeg","437788","6","Indexable","",""
"https://veteranstransitionsupport.org/wp-content/uploads/2026/04/8c75dd7bbf34ddf093cec9ceca918248-g2By29.tmp_.jpg","image/jpeg","264502","16","Indexable","",""
"https://veteranstransitionsupport.org/wp-content/uploads/2026/05/18aae34b99ad62c9753dc59f2d8d19ea-VCFBnC.tmp_.jpg","image/jpeg","459066","15","Indexable","",""
"https://veteranstransitionsupport.org/wp-content/uploads/2026/03/b6da0e3001fa06a78345324942811031-knhVPG.tmp_.jpg","image/jpeg","276758","7","Indexable","",""
"https://veteranstransitionsupport.org/wp-content/uploads/2026/05/9a46ac9653b52fdce895ac7dd37c70bc-BgqXOt.tmp_.jpg","image/jpeg","365362","14","Indexable","",""
"https://veteranstransitionsupport.org/wp-content/uploads/2025/01/postgibill.jpg","image/jpeg","6467","1","Indexable","",""
"https://veteranstransitionsupport.org/wp-content/uploads/2025/01/wesaluteveterans.png","image/png","11333","1","Indexable","",""
"https://veteranstransitionsupport.org/wp-content/uploads/2025/01/departmentofveteranaffairs.png","image/png","8197","1","Indexable","",""
"https://veteranstransitionsupport.org/wp-content/uploads/2025/01/lean.jpg","image/jpeg","29862","1","Indexable","",""
"https://veteranstransitionsupport.org/wp-content/uploads/2025/01/benefits.gif","image/gif","2017","1","Indexable","",""
"https://veteranstransitionsupport.org/wp-content/uploads/2025/01/wellsfargo.png","image/png","4048","1","Indexable","",""
"https://veteranstransitionsupport.org/wp-content/uploads/2025/01/OB-logo-badge.png","image/png","32264","1","Indexable","",""
"https://veteranstransitionsupport.org/wp-content/uploads/2025/01/bluestarmother.jpg","image/jpeg","25239","1","Indexable","",""
"https://veteranstransitionsupport.org/wp-content/uploads/2025/01/food-4-less-e1735941951816.gif","image/gif","4126","1","Indexable","",""
"https://veteranstransitionsupport.org/wp-content/uploads/2025/01/tacticalcloudllclogo.png","image/png","3751","1","Indexable","",""
"https://veteranstransitionsupport.org/wp-content/uploads/2025/01/GLA.png","image/png","47128","2","Indexable","",""
"https://veteranstransitionsupport.org/wp-content/uploads/2025/01/homedepot.jpg","image/jpeg","28980","1","Indexable","",""
"https://veteranstransitionsupport.org/wp-content/uploads/2025/01/kernpatriotpartnershiplogo.jpeg","image/jpeg","8906","2","Indexable","",""
"https://veteranstransitionsupport.org/wp-content/uploads/2025/01/Bay_Alarm_Logo@2x.jpg","image/jpeg","16182","1","Indexable","",""
"https://veteranstransitionsupport.org/wp-content/uploads/2025/01/suja-logo-300x300-1-e1735941446718.jpg","image/jpeg","11528","1","Indexable","",""
"https://veteranstransitionsupport.org/wp-content/uploads/2025/01/logo-veterans-united-home-loans-2x.png","image/png","9754","1","Indexable","",""
"https://veteranstransitionsupport.org/wp-content/uploads/2025/01/scelogo.png","image/png","10653","1","Indexable","",""
"https://veteranstransitionsupport.org/wp-content/uploads/2025/01/staters.jpg","image/jpeg","33219","1","Indexable","",""
"https://veteranstransitionsupport.org/wp-content/uploads/2025/01/CEAC-Logo-D-125x123-1.jpg","image/jpeg","6612","1","Indexable","",""
"https://veteranstransitionsupport.org/wp-content/uploads/2025/01/enlyste-logo-e1671058874959.jpeg","image/jpeg","43648","1","Indexable","",""
"https://veteranstransitionsupport.org/wp-content/uploads/2025/01/giv-hero-logo.png","image/png","18377","1","Indexable","",""
"https://veteranstransitionsupport.org/wp-content/uploads/2025/01/sams.jpg","image/jpeg","17561","1","Indexable","",""
"https://veteranstransitionsupport.org/wp-content/uploads/2025/01/cox-cares-logo-e1580253554939.jpg","image/jpeg","8060","1","Indexable","",""
"https://veteranstransitionsupport.org/wp-content/uploads/2025/01/costuco-e1532450851131.jpg","image/jpeg","5965","1","Indexable","",""
"https://veteranstransitionsupport.org/wp-content/uploads/2025/01/Starbucks.jpg","image/jpeg","31789","1","Indexable","",""
"https://veteranstransitionsupport.org/wp-content/uploads/2025/01/walmart-e1477316105294.jpg","image/jpeg","5749","1","Indexable","",""
"https://veteranstransitionsupport.org/wp-content/uploads/2025/01/tsdf_fullcolorlogo_webres-1024x360.jpg","image/jpeg","100766","1","Indexable","",""
"https://veteranstransitionsupport.org/wp-content/uploads/2025/01/one-oc-logo.png","image/png","26566","1","Indexable","",""
"https://veteranstransitionsupport.org/wp-content/uploads/2025/03/Joaquin-Gamboa-scaled-768x1087.jpg","image/jpeg","96041","1","Indexable","",""
"https://veteranstransitionsupport.org/wp-content/uploads/2025/03/Geraldine-Ferraren-scaled-768x826.jpg","image/jpeg","61295","1","Indexable","",""
"https://veteranstransitionsupport.org/wp-content/uploads/2025/01/partycity-e1735941608402.png","image/png","3611","1","Indexable","",""
"https://veteranstransitionsupport.org/wp-content/uploads/2025/05/James-New-Photo-768x1024.jpg","image/jpeg","77119","1","Indexable","",""
"https://veteranstransitionsupport.org/wp-content/uploads/2025/01/elf_logo_registered.jpg","image/jpeg","95453","1","Indexable","",""
"https://veteranstransitionsupport.org/wp-content/uploads/2025/03/IMG_5592-e1741892298442-768x745.png","image/png","263757","1","Indexable","",""
"https://veteranstransitionsupport.org/wp-content/uploads/2025/01/nocosttraining-scaled-1024x683.jpg","image/jpeg","108753","1","Indexable","",""
